{
  "models": {
    "KcBERT": [
      {
        "model_name": "KcBERT",
        "registered_name": "KcBERT_sentiment_classifier",
        "run_id": "6f69d9bcac614e4a90699e074f0dbecf",
        "version": "5",
        "timestamp": "20241127_214059",
        "metrics": {
          "epoch": 5.0,
          "eval_accuracy": 0.7694235588972431,
          "eval_f1": 0.7830188679245284,
          "eval_loss": 0.5114611387252808,
          "eval_precision": 0.7685185185185185,
          "eval_recall": 0.7980769230769231,
          "eval_runtime": 1.6024,
          "eval_samples_per_second": 248.997,
          "eval_steps_per_second": 15.601,
          "grad_norm": 7.2121262550354,
          "learning_rate": 0.0,
          "loss": 0.5697,
          "total_flos": 458717680579200.0,
          "train_loss": 0.5696758422851562,
          "train_runtime": 55.6421,
          "train_samples_per_second": 143.237,
          "train_steps_per_second": 8.986,
          "validation_accuracy": 0.7694235588972431,
          "validation_f1": 0.7830188679245284,
          "validation_loss": 0.5114611387252808,
          "validation_precision": 0.7685185185185185,
          "validation_recall": 0.7980769230769231
        }
      },
      {
        "model_name": "KcBERT",
        "registered_name": "KcBERT_sentiment_classifier",
        "run_id": "b607bc78a1f8488dab851b9e407c8c2a",
        "version": "4",
        "timestamp": "20241127_212035",
        "metrics": {
          "epoch": 3.0,
          "eval_accuracy": 0.6,
          "eval_f1": 0.6923076923076923,
          "eval_loss": 0.6678061485290527,
          "eval_precision": 0.6428571428571429,
          "eval_recall": 0.75,
          "eval_runtime": 0.1572,
          "eval_samples_per_second": 254.454,
          "eval_steps_per_second": 19.084,
          "total_flos": 24267369857940.0,
          "train_loss": 0.7169350306193034,
          "train_runtime": 17.8493,
          "train_samples_per_second": 26.724,
          "train_steps_per_second": 1.681,
          "validation_accuracy": 0.6,
          "validation_f1": 0.6923076923076923,
          "validation_loss": 0.6678061485290527,
          "validation_precision": 0.6428571428571429,
          "validation_recall": 0.75
        }
      },
      {
        "model_name": "KcBERT",
        "registered_name": "KcBERT_sentiment_classifier",
        "run_id": "843383fdb596416db36e651a03b752a7",
        "version": "3",
        "timestamp": "20241127_210227",
        "metrics": {
          "eval_accuracy": 0.425,
          "eval_f1": 0.30303030303030304,
          "eval_loss": 0.7193871736526489,
          "eval_model_preparation_time": 0.008,
          "eval_precision": 0.5555555555555556,
          "eval_recall": 0.20833333333333334,
          "eval_runtime": 0.446,
          "eval_samples_per_second": 89.688,
          "eval_steps_per_second": 6.727
        }
      }
    ],
    "KcELECTRA": [
      {
        "model_name": "KcELECTRA",
        "registered_name": "KcELECTRA_sentiment_classifier",
        "run_id": "28c7a877b16c411aa77557f7f1f2f971",
        "version": "3",
        "timestamp": "20241127_211852",
        "metrics": {
          "epoch": 5.0,
          "eval_accuracy": 0.475,
          "eval_f1": 0.5882352941176471,
          "eval_loss": 0.6870434880256653,
          "eval_precision": 0.5555555555555556,
          "eval_recall": 0.625,
          "eval_runtime": 0.137,
          "eval_samples_per_second": 291.898,
          "eval_steps_per_second": 21.892,
          "total_flos": 42079782750300.0,
          "train_loss": 0.6925760650634766,
          "train_runtime": 24.7817,
          "train_samples_per_second": 32.08,
          "train_steps_per_second": 2.018,
          "validation_accuracy": 0.475,
          "validation_f1": 0.5882352941176471,
          "validation_loss": 0.6870434880256653,
          "validation_precision": 0.5555555555555556,
          "validation_recall": 0.625
        }
      }
    ]
  }
}